{"accuracy": [0.6764833331108093, 0.7850666642189026, 0.8160666823387146, 0.8380166888237, 0.8488500118255615, 0.8618833422660828, 0.8702999949455261, 0.8737999796867371, 0.8818666934967041, 0.8876166939735413, 0.8903666734695435, 0.8946999907493591, 0.8985833525657654, 0.9004166722297668, 0.9047166705131531, 0.9056166410446167, 0.9084500074386597, 0.9100499749183655, 0.9122333526611328, 0.9149500131607056, 0.9169666767120361, 0.9175166487693787, 0.9192333221435547, 0.92044997215271, 0.921999990940094, 0.9232500195503235, 0.9267833232879639, 0.9246166944503784, 0.9269333481788635, 0.9284999966621399], "loss": [0.8856227397918701, 0.5820568203926086, 0.5000654458999634, 0.4470108449459076, 0.41293099522590637, 0.38379886746406555, 0.3607445955276489, 0.34875404834747314, 0.3251497149467468, 0.3079563081264496, 0.30321863293647766, 0.2902793288230896, 0.27957281470298767, 0.27281463146209717, 0.26284587383270264, 0.2587459683418274, 0.2522116005420685, 0.2452896535396576, 0.24127526581287384, 0.23599402606487274, 0.22971594333648682, 0.2277967482805252, 0.2212461233139038, 0.2195563167333603, 0.21377533674240112, 0.2097642868757248, 0.2058096081018448, 0.2054232656955719, 0.20096008479595184, 0.19685615599155426], "val_accuracy": [0.7657999992370605, 0.8105000257492065, 0.8416000008583069, 0.8611999750137329, 0.8550000190734863, 0.8755000233650208, 0.8823000192642212, 0.8871999979019165, 0.8898000121116638, 0.8898000121116638, 0.8906999826431274, 0.9009000062942505, 0.9035999774932861, 0.9002000093460083, 0.9052000045776367, 0.914900004863739, 0.9143000245094299, 0.9172000288963318, 0.9126999974250793, 0.9174000024795532, 0.9179999828338623, 0.9114999771118164, 0.9142000079154968, 0.9114999771118164, 0.9222999811172485, 0.9232000112533569, 0.9157000184059143, 0.921500027179718, 0.9182999730110168, 0.9239000082015991], "val_loss": [0.663421094417572, 0.5113975405693054, 0.445263534784317, 0.40544599294662476, 0.39475005865097046, 0.359439492225647, 0.32718777656555176, 0.3204892873764038, 0.3004058301448822, 0.32202938199043274, 0.31007301807403564, 0.28727853298187256, 0.26800408959388733, 0.2911524772644043, 0.2685920298099518, 0.24257871508598328, 0.2430144101381302, 0.23421071469783783, 0.2498358190059662, 0.23248618841171265, 0.23321479558944702, 0.24269692599773407, 0.2416146993637085, 0.24146413803100586, 0.216192364692688, 0.21784552931785583, 0.2334287315607071, 0.22365285456180573, 0.23841308057308197, 0.2176859825849533]}