{"accuracy": [0.6689000129699707, 0.7570666670799255, 0.7811166644096375, 0.7943666577339172, 0.8043000102043152, 0.8136833310127258, 0.8185999989509583, 0.8253999948501587, 0.8309333324432373, 0.836566686630249, 0.8393833041191101, 0.8413000106811523, 0.8442999720573425, 0.8488333225250244, 0.8519499897956848, 0.8541666865348816, 0.8554333448410034, 0.8579833507537842, 0.8601833581924438, 0.861050009727478, 0.864633321762085, 0.8642333149909973, 0.8648666739463806, 0.8673499822616577, 0.8695666790008545, 0.8689833283424377, 0.8708666563034058, 0.871916651725769, 0.872783362865448, 0.8733999729156494, 0.8740666508674622, 0.8752166628837585, 0.8760833144187927, 0.8767499923706055, 0.8778833150863647, 0.8776666522026062, 0.8805666565895081, 0.878933310508728, 0.8817333579063416, 0.8815833330154419, 0.8821333050727844, 0.882266640663147, 0.8825500011444092, 0.883483350276947, 0.8842833042144775, 0.8847833275794983, 0.8865333199501038, 0.885533332824707, 0.8862166404724121, 0.8868499994277954, 0.8864166736602783, 0.8873999714851379, 0.889033317565918, 0.8888499736785889, 0.8897166848182678, 0.8888999819755554, 0.8888999819755554, 0.8891000151634216], "loss": [0.9616188406944275, 0.6544116139411926, 0.5895058512687683, 0.5515394806861877, 0.5284874439239502, 0.5060727596282959, 0.48953884840011597, 0.4718526005744934, 0.4611717760562897, 0.446553111076355, 0.43627315759658813, 0.4291225075721741, 0.4194180369377136, 0.4104328453540802, 0.40485477447509766, 0.39788615703582764, 0.3943508565425873, 0.38679736852645874, 0.3823581635951996, 0.3779328167438507, 0.37121111154556274, 0.3696455657482147, 0.3629714846611023, 0.3624345362186432, 0.35749781131744385, 0.3556816875934601, 0.35053861141204834, 0.3487224876880646, 0.34838953614234924, 0.3437640070915222, 0.33911240100860596, 0.34035900235176086, 0.3373540937900543, 0.3345930278301239, 0.3324352204799652, 0.3305872082710266, 0.32484638690948486, 0.32796022295951843, 0.3247642517089844, 0.32125815749168396, 0.32027706503868103, 0.31735119223594666, 0.31837671995162964, 0.3172161281108856, 0.3132086396217346, 0.31005486845970154, 0.31070929765701294, 0.31154143810272217, 0.3073892891407013, 0.3053229749202728, 0.3059254586696625, 0.30323293805122375, 0.303046315908432, 0.3008996546268463, 0.30040088295936584, 0.29911181330680847, 0.29884272813796997, 0.29951825737953186], "val_accuracy": [0.7753999829292297, 0.7993000149726868, 0.8047000169754028, 0.8118000030517578, 0.8170999884605408, 0.8237000107765198, 0.8345999717712402, 0.8388000130653381, 0.8420000076293945, 0.8464000225067139, 0.8486999869346619, 0.8496000170707703, 0.8628000020980835, 0.8522999882698059, 0.8633999824523926, 0.8633999824523926, 0.8652999997138977, 0.8702999949455261, 0.8651999831199646, 0.8726000189781189, 0.8726000189781189, 0.8687000274658203, 0.8755000233650208, 0.8776999711990356, 0.8806999921798706, 0.876800000667572, 0.8826000094413757, 0.8712999820709229, 0.8726999759674072, 0.8815000057220459, 0.8823999762535095, 0.8758000135421753, 0.8781999945640564, 0.8841000199317932, 0.8855000138282776, 0.8855999708175659, 0.882099986076355, 0.8827000260353088, 0.8848000168800354, 0.8795999884605408, 0.8867999911308289, 0.8859999775886536, 0.886900007724762, 0.8885999917984009, 0.8921999931335449, 0.8906000256538391, 0.8842999935150146, 0.8899000287055969, 0.8916000127792358, 0.886900007724762, 0.8880000114440918, 0.8928999900817871, 0.8942999839782715, 0.895799994468689, 0.8925999999046326, 0.8859000205993652, 0.89410001039505, 0.890999972820282], "val_loss": [0.6146727800369263, 0.5495128631591797, 0.5188056230545044, 0.4998723268508911, 0.500008761882782, 0.47054603695869446, 0.4512944221496582, 0.4411357343196869, 0.4311010241508484, 0.41965165734291077, 0.4284794330596924, 0.41790375113487244, 0.3867236077785492, 0.4014204144477844, 0.38169991970062256, 0.3727966248989105, 0.36643704771995544, 0.35325610637664795, 0.3729325830936432, 0.34841522574424744, 0.3552855849266052, 0.36551570892333984, 0.3435516953468323, 0.34025052189826965, 0.3399081528186798, 0.34614893794059753, 0.33445125818252563, 0.3626655638217926, 0.3526758849620819, 0.3257707953453064, 0.3272598683834076, 0.33435943722724915, 0.3343079686164856, 0.3227619528770447, 0.3195743262767792, 0.3181295692920685, 0.33320537209510803, 0.3241954445838928, 0.32116350531578064, 0.32978615164756775, 0.31070366501808167, 0.3223857283592224, 0.3221145272254944, 0.30967962741851807, 0.3080795109272003, 0.3065856993198395, 0.31386470794677734, 0.3056485950946808, 0.2995346784591675, 0.3066340982913971, 0.31081363558769226, 0.29860031604766846, 0.2983908951282501, 0.29861411452293396, 0.30048274993896484, 0.3135283291339874, 0.2992528975009918, 0.2997247278690338]}