{"accuracy": [0.6735666394233704, 0.7892333269119263, 0.8177666664123535, 0.8339833617210388, 0.8476499915122986, 0.8536333441734314, 0.8611000180244446, 0.8658333420753479, 0.8701666593551636, 0.8746166825294495, 0.880133330821991, 0.882099986076355, 0.8847333192825317, 0.8868333101272583, 0.8898500204086304, 0.8914166688919067, 0.893583357334137, 0.896316647529602, 0.8971333503723145, 0.8978166580200195, 0.9000499844551086, 0.900600016117096, 0.9029333591461182, 0.9020166397094727, 0.9041000008583069, 0.9057999849319458, 0.9054666757583618, 0.908133327960968, 0.9088500142097473, 0.9088333249092102, 0.9105166792869568, 0.9116833209991455, 0.9114500284194946, 0.9132000207901001, 0.9138000011444092, 0.9151333570480347, 0.917033314704895, 0.9171833395957947, 0.9180833101272583, 0.9173666834831238, 0.9166333079338074, 0.9175166487693787, 0.9197999835014343, 0.9209166765213013, 0.9213333129882812, 0.9216833114624023, 0.9231500029563904, 0.9221000075340271, 0.921999990940094, 0.9242833256721497], "loss": [1.640798807144165, 1.2093437910079956, 1.058471918106079, 0.9544157385826111, 0.8749151229858398, 0.8167797923088074, 0.7663502097129822, 0.7258554100990295, 0.6918051838874817, 0.6609160304069519, 0.630602240562439, 0.6122198700904846, 0.5919158458709717, 0.5737988352775574, 0.5573798418045044, 0.5438770651817322, 0.5314784049987793, 0.5182257294654846, 0.5065144300460815, 0.499886691570282, 0.4872114062309265, 0.4816858172416687, 0.4739997386932373, 0.46706467866897583, 0.4603107273578644, 0.4513571560382843, 0.4475318491458893, 0.43813860416412354, 0.43373438715934753, 0.429913192987442, 0.42290955781936646, 0.4191643297672272, 0.41513222455978394, 0.4119385778903961, 0.4055308997631073, 0.3998577892780304, 0.3968789279460907, 0.39046406745910645, 0.38603076338768005, 0.38572928309440613, 0.3842501640319824, 0.38152772188186646, 0.3735847473144531, 0.3716438412666321, 0.3703610599040985, 0.36838018894195557, 0.3633432388305664, 0.3610946834087372, 0.3586665391921997, 0.35497766733169556], "val_accuracy": [0.7659000158309937, 0.828499972820282, 0.8378000259399414, 0.8299000263214111, 0.8256000280380249, 0.8788999915122986, 0.8755000233650208, 0.8781999945640564, 0.8859000205993652, 0.8671000003814697, 0.8970000147819519, 0.8948000073432922, 0.8974000215530396, 0.8964999914169312, 0.8756999969482422, 0.895799994468689, 0.9031000137329102, 0.8744000196456909, 0.8974999785423279, 0.9002000093460083, 0.90420001745224, 0.9077000021934509, 0.9035999774932861, 0.9088000059127808, 0.9128999710083008, 0.9064000248908997, 0.9089999794960022, 0.9117000102996826, 0.9018999934196472, 0.9160000085830688, 0.9158999919891357, 0.9114999771118164, 0.9103000164031982, 0.9171000123023987, 0.9186000227928162, 0.9222000241279602, 0.9171000123023987, 0.9203000068664551, 0.9045000076293945, 0.921999990940094, 0.9211999773979187, 0.9192000031471252, 0.9215999841690063, 0.920199990272522, 0.9240000247955322, 0.92330002784729, 0.9192000031471252, 0.9154999852180481, 0.9108999967575073, 0.9190999865531921], "val_loss": [1.1423763036727905, 0.9151758551597595, 0.8431175947189331, 0.8103103041648865, 0.7962191104888916, 0.6524216532707214, 0.6428446769714355, 0.6118024587631226, 0.584587574005127, 0.6197803616523743, 0.5257464051246643, 0.5217337012290955, 0.5144593715667725, 0.5038934350013733, 0.5598592758178711, 0.5022073984146118, 0.4685068726539612, 0.532321572303772, 0.47222059965133667, 0.45162373781204224, 0.4463667869567871, 0.4447348713874817, 0.4377100169658661, 0.4273514151573181, 0.40801554918289185, 0.4202326536178589, 0.423322468996048, 0.4192736744880676, 0.4304713010787964, 0.39711156487464905, 0.3951990008354187, 0.39727261662483215, 0.40537330508232117, 0.37967219948768616, 0.37750741839408875, 0.3643341362476349, 0.3846440017223358, 0.3673766255378723, 0.41390809416770935, 0.36116084456443787, 0.36159902811050415, 0.36558976769447327, 0.35868382453918457, 0.3654839098453522, 0.34886839985847473, 0.3530150353908539, 0.36538225412368774, 0.37347009778022766, 0.3753630518913269, 0.358491986989975]}