{"accuracy": [0.6840833425521851, 0.7780666947364807, 0.8145333528518677, 0.8357999920845032, 0.852150022983551, 0.8618000149726868, 0.8704666495323181, 0.8763666749000549, 0.8812999725341797, 0.8849666714668274, 0.8896833062171936, 0.8952333331108093, 0.9021499752998352, 0.8998500108718872, 0.8994333148002625, 0.9053666591644287, 0.9104833602905273, 0.9075000286102295, 0.9132999777793884, 0.9143833518028259, 0.9179499745368958, 0.9196000099182129, 0.916533350944519, 0.9218000173568726, 0.9248833060264587, 0.9242666959762573, 0.9255833625793457, 0.9265166521072388, 0.930233359336853, 0.9297333359718323, 0.9235333204269409, 0.9310166835784912, 0.933733344078064, 0.9337833523750305], "loss": [1.0605981349945068, 0.6681889891624451, 0.5232303738594055, 0.4539036452770233, 0.40414944291114807, 0.3758230209350586, 0.35771462321281433, 0.34083396196365356, 0.3232736587524414, 0.32390040159225464, 0.30074983835220337, 0.2830083668231964, 0.27317366003990173, 0.27405714988708496, 0.28068044781684875, 0.26981064677238464, 0.24755187332630157, 0.257210910320282, 0.23806464672088623, 0.2330036163330078, 0.22534872591495514, 0.2222263664007187, 0.23089754581451416, 0.2168896198272705, 0.20663341879844666, 0.20677457749843597, 0.2069312483072281, 0.20571783185005188, 0.1921657770872116, 0.1954730749130249, 0.22265170514583588, 0.18998050689697266, 0.18170727789402008, 0.18277889490127563], "val_accuracy": [0.8023999929428101, 0.8266000151634216, 0.8610000014305115, 0.8299000263214111, 0.8733000159263611, 0.8669999837875366, 0.8622999787330627, 0.8766999840736389, 0.9032999873161316, 0.9018999934196472, 0.9039000272750854, 0.9071000218391418, 0.9139000177383423, 0.9089000225067139, 0.9126999974250793, 0.9154999852180481, 0.9205999970436096, 0.9103999733924866, 0.9169999957084656, 0.9178000092506409, 0.9239000082015991, 0.9236000180244446, 0.9301999807357788, 0.9158999919891357, 0.9251000285148621, 0.929099977016449, 0.9269000291824341, 0.9283999800682068, 0.9369000196456909, 0.9240000247955322, 0.9298999905586243, 0.9318000078201294, 0.9284999966621399, 0.9217000007629395], "val_loss": [0.5817702412605286, 0.49041250348091125, 0.3847643733024597, 0.456341028213501, 0.3405267298221588, 0.35695359110832214, 0.38653552532196045, 0.32102274894714355, 0.27116575837135315, 0.34175971150398254, 0.2685038447380066, 0.25084981322288513, 0.2371845245361328, 0.264552503824234, 0.24824482202529907, 0.24150331318378448, 0.2168458253145218, 0.23638232052326202, 0.22240954637527466, 0.2216254621744156, 0.2075674831867218, 0.2077965885400772, 0.20647470653057098, 0.23253032565116882, 0.20654939115047455, 0.19769372045993805, 0.20468641817569733, 0.20084600150585175, 0.1860688179731369, 0.2110375016927719, 0.19312742352485657, 0.19262516498565674, 0.19942668080329895, 0.21073156595230103]}